{
  "model_type": "RandomSurvivalForest",
  "n_estimators": 200,
  "validation_c_index": 0.9398340248962656,
  "n_features": 62,
  "n_training_samples": 221,
  "random_state": 42,
  "trained_date": "2026-04-26T22:25:47.868774",
  "censoring_rate": 0.6877828054298643
}